<?xml version="1.0" encoding="UTF-8"?>
<project-private xmlns="http://www.netbeans.org/ns/project-private/1">
    <editor-bookmarks xmlns="http://www.netbeans.org/ns/editor-bookmarks/2" lastBookmarkId="0"/>
    <open-files xmlns="http://www.netbeans.org/ns/projectui-open-files/2">
        <group>
            <file>file:/C:/Users/Moliv/Desktop/Engenharia%20de%20Computação/2°%20-%20período/Programação%20Básica/programacaoBasicaFaculdade/Listas%20de%20exercício/Modulo03/Encontro06/Exercicio527/src/exercicio527/Tabela.java</file>
            <file>file:/C:/Users/Moliv/Desktop/Engenharia%20de%20Computação/2°%20-%20período/Programação%20Básica/programacaoBasicaFaculdade/Listas%20de%20exercício/Modulo03/Encontro06/Exercicio527/src/exercicio527/Exercicio527.java</file>
        </group>
    </open-files>
</project-private>
